date,split,y_log,tcnn_pred_log
2019-01-02,val,-8.806965,-9.089798
2019-01-03,val,-9.488708,-9.003991
2019-01-04,val,-9.037937,-9.099707
2019-01-07,val,-9.013835,-9.104418
2019-01-08,val,-9.473597,-9.108519
2019-01-09,val,-9.884415,-9.111317
2019-01-10,val,-9.635684,-9.271825
2019-01-11,val,-10.689281,-9.30519
2019-01-14,val,-10.536205,-9.478551
2019-01-15,val,-10.743122,-9.620457
2019-01-16,val,-11.300515,-9.717996
2019-01-17,val,-9.586599,-10.028737
2019-01-18,val,-10.280721,-9.969873
2019-01-22,val,-9.383646,-9.894135
2019-01-23,val,-9.061547,-9.790108
2019-01-24,val,-10.460936,-9.547153
2019-01-25,val,-11.248693,-9.754482
2019-01-28,val,-10.367801,-10.198596
2019-01-29,val,-10.519356,-10.276876
2019-01-30,val,-9.390424,-10.377049
2019-01-31,val,-10.012465,-10.326248
2019-02-01,val,-10.566504,-10.117461
2019-02-04,val,-10.44417,-10.206005
2019-02-05,val,-11.469194,-10.266923
2019-02-06,val,-11.298137,-10.548165
2019-02-07,val,-9.665978,-10.76617
2019-02-08,val,-10.270488,-10.639866
2019-02-11,val,-11.214324,-10.506334
2019-02-12,val,-10.901407,-10.614712
2019-02-13,val,-11.405757,-10.629685
2019-02-14,val,-9.96623,-10.735256
2019-02-15,val,-12.528646,-10.657143
2019-02-19,val,-10.794041,-10.947514
2019-02-20,val,-11.136193,-10.728084
2019-02-21,val,-10.957956,-10.697256
2019-02-22,val,-11.800858,-10.913978
2019-02-25,val,-10.902266,-11.040672
2019-02-26,val,-11.347646,-10.915441
2019-02-27,val,-10.548003,-10.893418
2019-02-28,val,-11.807961,-10.82407
2019-03-01,val,-10.567425,-11.00025
2019-03-04,val,-8.928759,-10.793086
2019-03-05,val,-11.460877,-10.049112
2019-03-06,val,-11.293989,-10.34028
2019-03-07,val,-10.216162,-10.810055
2019-03-08,val,-10.628872,-10.671649
2019-03-11,val,-10.714716,-10.554807
2019-03-12,val,-11.768397,-10.753505
2019-03-13,val,-10.677398,-10.962807
2019-03-14,val,-11.703991,-10.891503
2019-03-15,val,-10.906887,-10.986188
2019-03-18,val,-12.0074005,-10.909778
2019-03-19,val,-9.912806,-11.146685
2019-03-20,val,-9.753898,-10.809682
2019-03-21,val,-9.807702,-10.14921
2019-03-22,val,-10.180873,-10.273385
2019-03-25,val,-10.153741,-10.313754
2019-03-26,val,-10.112604,-10.232697
2019-03-27,val,-9.423116,-10.237077
2019-03-28,val,-10.557443,-10.070854
2019-03-29,val,-11.053005,-10.240095
2019-04-01,val,-11.503353,-10.550105
2019-04-02,val,-11.318811,-10.733788
2019-04-03,val,-10.635413,-10.892542
2019-04-04,val,-11.441495,-10.840757
2019-04-05,val,-12.754516,-10.871379
2019-04-08,val,-11.388557,-11.348528
2019-04-09,val,-11.761189,-11.207108
2019-04-10,val,-12.299166,-11.158863
2019-04-11,val,-11.8367,-11.486577
2019-04-12,val,-11.896599,-11.336696
2019-04-15,val,-11.52606,-11.357882
2019-04-16,val,-11.274358,-11.303352
2019-04-17,val,-10.871499,-11.193065
2019-04-18,val,-11.031593,-11.025142
2019-04-22,val,-11.958386,-11.015923
2019-04-23,val,-10.830506,-11.270502
2019-04-24,val,-12.265337,-11.116274
2019-04-25,val,-10.651587,-11.376067
2019-04-26,val,-10.812312,-11.112296
2019-04-29,val,-12.075577,-10.97332
2019-04-30,val,-10.402984,-11.452657
2019-05-01,val,-10.91355,-11.024677
2019-05-02,val,-9.786788,-11.026286
2019-05-03,val,-11.731844,-10.959003
2019-05-06,val,-9.646389,-10.954985
2019-05-07,val,-9.080449,-10.654982
2019-05-08,val,-10.21619,-9.780406
2019-05-09,val,-9.31124,-10.062032
2019-05-10,val,-8.292938,-10.127023
2019-05-13,val,-9.797077,-9.501385
2019-05-14,val,-9.799878,-9.568348
2019-05-15,val,-9.522569,-9.92198
2019-05-16,val,-9.718081,-9.811757
2019-05-17,val,-9.733811,-9.724386
2019-05-20,val,-10.369267,-9.874254
2019-05-21,val,-11.683463,-10.017311
2019-05-22,val,-11.280392,-10.49258
2019-05-23,val,-9.881568,-10.711822
2019-05-24,val,-10.5566845,-10.623506
2019-05-28,val,-9.754908,-10.536762
2019-05-29,val,-10.100376,-10.310806
2019-05-30,val,-10.359385,-10.12992
2019-05-31,val,-11.306103,-10.050061
2019-06-03,val,-9.494421,-10.375422
2019-06-04,val,-10.391762,-10.246143
2019-06-05,val,-10.10875,-10.23486
2019-06-06,val,-10.035267,-10.274941
2019-06-07,val,-10.057802,-10.109951
2019-06-10,val,-10.720354,-9.989999
2019-06-11,val,-9.960808,-10.229177
2019-06-12,val,-11.397027,-10.217323
2019-06-13,val,-11.599511,-10.493998
2019-06-14,val,-11.235921,-10.831182
2019-06-17,val,-12.033644,-10.860758
2019-06-18,val,-10.344095,-11.106851
2019-06-19,val,-10.698232,-10.781812
2019-06-20,val,-10.133021,-10.705794
2019-06-21,val,-10.990141,-10.692098
2019-06-24,val,-12.175796,-10.603824
2019-06-25,val,-10.9298935,-11.020485
2019-06-26,val,-11.065582,-10.951973
2019-06-27,val,-12.114069,-10.862488
2019-06-28,val,-11.570365,-11.237808
2019-07-01,val,-10.248947,-11.123416
2019-07-02,val,-11.179906,-10.9310255
2019-07-03,val,-12.358947,-10.888964
2019-07-05,val,-10.2162895,-11.289186
2019-07-08,val,-12.058676,-11.004648
2019-07-09,val,-11.456745,-11.128255
2019-07-10,val,-10.914581,-11.216546
2019-07-11,val,-11.49345,-10.992991
2019-07-12,val,-12.591894,-11.103693
2019-07-15,val,-12.436739,-11.4842205
2019-07-16,val,-11.756719,-11.546497
2019-07-17,val,-11.9927635,-11.510503
2019-07-18,val,-10.630307,-11.481518
2019-07-19,val,-10.935362,-11.167488
2019-07-22,val,-11.446581,-11.022594
2019-07-23,val,-11.347958,-11.190118
2019-07-24,val,-11.492307,-11.178391
2019-07-25,val,-11.223666,-11.24495
2019-07-26,val,-11.983714,-11.241087
2019-07-29,val,-11.944475,-11.4179325
2019-07-30,val,-11.229014,-11.464827
2019-07-31,val,-8.860285,-11.361152
2019-08-01,val,-8.369569,-10.466658
2019-08-02,val,-9.881497,-9.2406435
2019-08-05,val,-8.424765,-9.777934
2019-08-06,val,-9.666222,-9.433724
2019-08-07,val,-8.334214,-9.588667
2019-08-08,val,-10.246698,-9.207425
2019-08-09,val,-9.594921,-9.620501
2019-08-12,val,-10.040103,-9.78993
2019-08-13,val,-8.716023,-9.913208
2019-08-14,val,-9.986187,-9.508159
2019-08-15,val,-9.720304,-9.770962
2019-08-16,val,-10.654745,-9.82051
2019-08-19,val,-11.229094,-10.016961
2019-08-20,val,-10.900894,-10.3459215
2019-08-21,val,-11.929712,-10.5210705
2019-08-22,val,-9.609049,-10.912966
2019-08-23,val,-8.047991,-10.470207
2019-08-26,val,-10.536932,-9.114699
2019-08-27,val,-9.700931,-9.584964
2019-08-28,val,-9.909534,-9.885434
2019-08-29,val,-10.518263,-9.7589035
2019-08-30,val,-10.182723,-9.809173
2019-09-03,val,-10.421102,-10.080819
2019-09-04,val,-11.611539,-10.117235
2019-09-05,val,-10.569327,-10.571524
2019-09-06,val,-11.650033,-10.624654
2019-09-09,val,-10.909653,-10.7725
2019-09-10,val,-10.582311,-10.748537
2019-09-11,val,-10.804637,-10.663067
2019-09-12,val,-10.740165,-10.735299
2019-09-13,val,-11.464131,-10.6659775
2019-09-16,val,-11.829405,-10.800503
2019-09-17,val,-12.348337,-11.04247
2019-09-18,val,-9.973694,-11.293438
2019-09-19,val,-10.871571,-10.914216
2019-09-20,val,-10.024474,-10.763311
2019-09-23,val,-11.24773,-10.758282
2019-09-24,val,-9.358505,-10.675791
2019-09-25,val,-9.633988,-10.495213
2019-09-26,val,-10.465016,-10.09744
2019-09-27,val,-9.502156,-10.358537
2019-09-30,val,-11.346379,-10.2816305
2019-10-01,val,-9.413003,-10.401465
2019-10-02,val,-9.377902,-10.344034
2019-10-03,val,-8.779537,-9.926037
2019-10-04,val,-10.742136,-9.468167
2019-10-07,val,-10.349204,-10.009253
2019-10-08,val,-10.433517,-10.325714
2019-10-09,val,-10.594566,-10.295549
2019-10-10,val,-10.1309805,-10.324601
2019-10-11,val,-9.920151,-10.441966
2019-10-14,val,-12.100171,-10.273598
2019-10-15,val,-10.477482,-10.718575
2019-10-16,val,-11.674412,-10.571264
2019-10-17,val,-11.122021,-10.780131
2019-10-18,val,-10.53687,-10.856096
2019-10-21,val,-12.571248,-10.618732
2019-10-22,val,-11.345895,-11.109983
2019-10-23,val,-12.110647,-10.906883
2019-10-24,val,-11.275917,-11.181982
2019-10-25,val,-10.824874,-11.199399
2019-10-28,val,-12.1080265,-10.915602
2019-10-29,val,-11.604413,-11.19602
2019-10-30,val,-10.43084,-11.098555
2019-10-31,val,-10.524369,-10.963126
2019-11-01,val,-12.635436,-10.851921
2019-11-04,val,-12.091921,-11.328363
2019-11-05,val,-12.05924,-11.37319
2019-11-06,val,-11.724046,-11.476977
2019-11-07,val,-11.04393,-11.503781
2019-11-08,val,-11.151992,-11.233525
2019-11-11,val,-11.955332,-11.077088
2019-11-12,val,-11.0159855,-11.365829
2019-11-13,val,-11.07406,-11.186038
2019-11-14,val,-11.484591,-11.094665
2019-11-15,val,-11.910658,-11.25433
2019-11-18,val,-11.88864,-11.373828
2019-11-19,val,-11.709264,-11.439223
2019-11-20,val,-10.181776,-11.458919
2019-11-21,val,-11.364756,-11.083753
2019-11-22,val,-11.55897,-11.065161
2019-11-25,val,-12.600286,-11.174169
2019-11-26,val,-12.078103,-11.563753
2019-11-27,val,-12.604645,-11.603712
2019-11-29,val,-12.295826,-11.761534
2019-12-02,val,-10.724311,-11.808586
2019-12-03,val,-10.39487,-11.3993
2019-12-04,val,-11.396086,-10.896498
2019-12-05,val,-11.282842,-11.179022
2019-12-06,val,-11.744178,-11.109439
2019-12-09,val,-11.768816,-11.30121
2019-12-10,val,-11.268967,-11.431783
2019-12-11,val,-12.304381,-11.352843
2019-12-12,val,-10.061462,-11.578224
2019-12-13,val,-10.291867,-11.048426
2019-12-16,val,-11.812437,-10.718899
2019-12-17,val,-13.018621,-11.310882
2019-12-18,val,-13.116544,-11.684405
2019-12-19,val,-13.106072,-11.850789
2019-12-20,val,-12.358125,-12.016824
2019-12-23,val,-13.561592,-11.981453
2019-12-24,val,-13.392099,-12.152515
2019-12-26,val,-13.140236,-12.224247
2019-12-27,val,-11.89231,-12.196659
2019-12-30,val,-11.083952,-12.006294
2019-12-31,val,-11.551244,-11.407817
2020-01-02,val,-10.930812,-11.362453
2020-01-03,val,-10.619686,-11.269136
2020-01-06,val,-10.863564,-11.228273
2020-01-07,val,-11.925687,-11.226085
2020-01-08,val,-10.231122,-11.461906
2020-01-09,val,-12.449518,-11.233446
2020-01-10,val,-11.242383,-11.513207
2020-01-13,val,-11.77738,-11.410811
2020-01-14,val,-11.22729,-11.489632
2020-01-15,val,-11.238598,-11.544319
2020-01-16,val,-12.873424,-11.395492
2020-01-17,val,-12.367629,-11.82324
2020-01-21,val,-11.753377,-11.782513
2020-01-22,val,-11.347825,-11.721818
2020-01-23,val,-10.591599,-11.465512
2020-01-24,val,-9.536813,-11.1008005
2020-01-27,val,-10.495222,-10.823255
2020-01-28,val,-10.2955475,-10.7290745
2020-01-29,val,-11.301429,-10.655569
2020-01-30,val,-9.713556,-10.792007
2020-01-31,val,-9.219359,-10.673122
2020-02-03,val,-10.0236,-10.223111
2020-02-04,val,-10.742485,-10.134107
2020-02-05,val,-10.70913,-10.578376
2020-02-06,val,-11.708668,-10.61375
2020-02-07,val,-11.131493,-10.943142
2020-02-10,val,-11.192414,-11.038416
2020-02-11,val,-10.774122,-11.006125
2020-02-12,val,-12.609038,-10.947332
2020-02-13,val,-10.623586,-11.35376
2020-02-14,val,-11.602576,-10.9559965
2020-02-18,val,-11.008361,-11.034599
2020-02-19,val,-11.700414,-11.101443
2020-02-20,val,-9.205138,-11.077361
2020-02-21,val,-10.453843,-10.643273
2020-02-24,val,-9.715817,-10.296891
2020-02-25,val,-7.974254,-10.447398
2020-02-26,val,-8.2888155,-9.145182
2020-02-27,val,-7.6430798,-8.925164
2020-02-28,val,-7.4596963,-8.64935
2020-03-02,val,-7.4154696,-8.360183
2020-03-03,val,-6.895615,-8.243765
2020-03-04,val,-8.504508,-8.083284
2020-03-05,val,-8.243251,-8.454918
2020-03-06,val,-7.8329644,-8.587464
2020-03-09,val,-7.839351,-8.510954
2020-03-10,val,-6.746233,-8.339236
2020-03-11,val,-7.483736,-8.071333
2020-03-12,val,-6.744815,-7.9754977
2020-03-13,val,-6.0146227,-7.85942
2020-03-16,val,-6.350182,-7.532094
2020-03-17,val,-6.1135545,-7.3788853
2020-03-18,val,-5.961016,-7.3335066
2020-03-19,val,-6.2789893,-7.2333274
2020-03-20,val,-6.8226533,-7.2308235
2020-03-23,val,-6.9477806,-7.38647
2020-03-24,val,-8.286147,-7.4825
2020-03-25,val,-6.142998,-7.9165106
2020-03-26,val,-7.7414823,-7.602743
2020-03-27,val,-7.286094,-7.713502
2020-03-30,val,-8.126718,-7.710533
2020-03-31,val,-8.074376,-7.8894835
2020-04-01,val,-7.796853,-7.9780803
2020-04-02,val,-8.561828,-7.9784384
2020-04-03,val,-7.7122374,-8.083256
2020-04-06,val,-7.961346,-8.060985
2020-04-07,val,-7.9903097,-8.014584
2020-04-08,val,-7.763847,-8.010452
2020-04-09,val,-8.544113,-8.00858
2020-04-13,val,-8.393905,-8.157785
2020-04-14,val,-9.800545,-8.277554
2020-04-15,val,-9.233926,-8.69581
2020-04-16,val,-9.073069,-8.73904
2020-04-17,val,-9.266519,-8.828824
2020-04-20,val,-9.016515,-8.84511
2020-04-21,val,-9.144764,-8.944727
2020-04-22,val,-9.297952,-8.9655075
2020-04-23,val,-8.782026,-9.01745
2020-04-24,val,-8.907101,-9.022963
2020-04-27,val,-9.966851,-8.99521
2020-04-28,val,-9.044672,-9.184526
2020-04-29,val,-9.361279,-9.227711
2020-04-30,val,-9.543113,-9.286025
2020-05-01,val,-9.578946,-9.303053
2020-05-04,val,-9.229592,-9.41807
2020-05-05,val,-9.532635,-9.4016695
2020-05-06,val,-9.754971,-9.453644
2020-05-07,val,-10.168332,-9.531785
2020-05-08,val,-10.400128,-9.673798
2020-05-11,val,-9.342727,-9.820691
2020-05-12,val,-9.000864,-9.761875
2020-05-13,val,-8.085465,-9.620081
2020-05-14,val,-8.087173,-9.141564
2020-05-15,val,-9.317676,-8.843468
2020-05-18,val,-9.23023,-9.1148815
2020-05-19,val,-9.543723,-9.2559595
2020-05-20,val,-10.551919,-9.409467
2020-05-21,val,-9.555603,-9.714617
2020-05-22,val,-10.464975,-9.749119
2020-05-26,val,-9.793449,-9.8477335
2020-05-27,val,-8.388299,-9.839476
2020-05-28,val,-9.22527,-9.485496
2020-05-29,val,-8.991836,-9.361165
2020-06-01,val,-10.161931,-9.370766
2020-06-02,val,-10.245039,-9.594925
2020-06-03,val,-10.415422,-9.738302
2020-06-04,val,-9.476667,-9.888829
2020-06-05,val,-9.45636,-9.76191
2020-06-08,val,-10.507374,-9.738392
2020-06-09,val,-10.098104,-9.872036
2020-06-10,val,-9.645961,-9.940142
2020-06-11,val,-8.451208,-9.834252
2020-06-12,val,-7.5064197,-9.457855
2020-06-15,val,-7.6222587,-8.873211
2020-06-16,val,-8.088168,-8.5340395
2020-06-17,val,-10.23382,-8.53718
2020-06-18,val,-10.453469,-9.31581
2020-06-19,val,-8.529093,-9.682269
2020-06-22,val,-9.599957,-9.348453
2020-06-23,val,-10.205876,-9.358783
2020-06-24,val,-8.533837,-9.78089
2020-06-25,val,-8.799867,-9.494405
2020-06-26,val,-9.354261,-9.258196
2020-06-29,val,-9.117631,-9.31502
2020-06-30,val,-9.103236,-9.321782
2020-07-01,val,-10.278,-9.277404
2020-07-02,val,-9.447549,-9.498632
2020-07-06,val,-11.167247,-9.538498
2020-07-07,val,-9.602077,-9.76962
2020-07-08,val,-9.873515,-9.786831
2020-07-09,val,-8.596342,-9.706319
2020-07-10,val,-9.346463,-9.362141
2020-07-13,val,-8.228203,-9.388613
2020-07-14,val,-8.832806,-9.197423
2020-07-15,val,-9.597534,-9.090256
2020-07-16,val,-10.765225,-9.317499
2020-07-17,val,-10.192308,-9.830403
2020-07-20,val,-9.686226,-9.905677
2020-07-21,val,-10.221825,-9.795613
2020-07-22,val,-11.042839,-9.797584
2020-07-23,val,-9.131282,-10.101049
2020-07-24,val,-10.245401,-9.928169
2020-07-27,val,-10.758267,-9.901272
2020-07-28,val,-10.5168,-10.22931
2020-07-29,val,-10.381493,-10.209912
2020-07-30,val,-9.236798,-10.179518
2020-07-31,val,-8.964702,-10.035561
2020-08-03,val,-11.188707,-9.71488
2020-08-04,val,-11.563714,-10.027047
2020-08-05,val,-12.347516,-10.479454
2020-08-06,val,-10.588704,-10.954951
2020-08-07,val,-10.767691,-10.846072
2020-08-10,val,-10.2921505,-10.676775
2020-08-11,val,-9.358782,-10.673803
2020-08-12,val,-10.590326,-10.15977
2020-08-13,val,-10.5950165,-10.242325
2020-08-14,val,-11.336251,-10.447365
2020-08-17,val,-12.711281,-10.577783
2020-08-18,val,-10.524749,-11.212294
2020-08-19,val,-10.467464,-11.018642
2020-08-20,val,-10.2308035,-10.737385
2020-08-21,val,-11.149548,-10.762833
2020-08-24,val,-11.552285,-10.71132
2020-08-25,val,-11.299518,-10.900357
2020-08-26,val,-10.406916,-10.9683485
2020-08-27,val,-10.010928,-10.870577
2020-08-28,val,-10.8306875,-10.736228
2020-08-31,val,-11.038607,-10.7205105
2020-09-01,val,-10.295124,-10.744632
2020-09-02,val,-9.590636,-10.7102585
2020-09-03,val,-7.8349857,-10.5945425
2020-09-04,val,-7.2694616,-9.249869
2020-09-08,val,-9.736468,-8.579825
2020-09-09,val,-9.054376,-9.229136
2020-09-10,val,-8.403545,-9.307556
2020-09-11,val,-8.814445,-9.079783
2020-09-14,val,-9.823601,-8.931465
2020-09-15,val,-10.177806,-9.377329
2020-09-16,val,-9.671727,-9.7674885
2020-09-17,val,-9.293054,-9.693654
2020-09-18,val,-8.675734,-9.60663
2020-09-21,val,-8.80787,-9.390127
2020-09-22,val,-9.227701,-9.210176
2020-09-23,val,-8.911835,-9.219231
2020-09-24,val,-8.456888,-9.241538
2020-09-25,val,-8.805165,-9.106207
2020-09-28,val,-10.648262,-9.017108
2020-09-29,val,-10.3175,-9.563053
2020-09-30,val,-9.1334505,-9.785166
2020-10-01,val,-9.804215,-9.560832
2020-10-02,val,-9.3272295,-9.516936
2020-10-05,val,-10.798328,-9.655056
2020-10-06,val,-8.618615,-9.810944
2020-10-07,val,-10.2784195,-9.6418085
2020-10-08,val,-11.479144,-9.695181
2020-10-09,val,-11.13062,-10.229043
2020-10-12,val,-9.640206,-10.467233
2020-10-13,val,-10.440087,-10.10258
2020-10-14,val,-9.583964,-10.200114
2020-10-15,val,-9.588023,-10.008352
2020-10-16,val,-9.945026,-9.834029
2020-10-19,val,-8.871588,-9.759782
2020-10-20,val,-9.554687,-9.713471
2020-10-21,val,-10.08051,-9.645225
2020-10-22,val,-9.445027,-9.803522
2020-10-23,val,-10.470708,-9.775516
2020-10-26,val,-8.52184,-9.891529
2020-10-27,val,-11.2115555,-9.703244
2020-10-28,val,-9.604173,-9.899522
2020-10-29,val,-8.238561,-10.031832
2020-10-30,val,-8.441517,-9.133261
2020-11-02,val,-9.121368,-8.940991
2020-11-03,val,-9.336972,-9.176676
2020-11-04,val,-8.369472,-9.3215885
2020-11-05,val,-9.773061,-9.190367
2020-11-06,val,-9.781761,-9.370249
2020-11-09,val,-7.977879,-9.562581
2020-11-10,val,-9.408683,-9.225294
2020-11-11,val,-10.809467,-9.237756
2020-11-12,val,-9.419675,-9.867394
2020-11-13,val,-10.291205,-9.730815
2020-11-16,val,-11.554413,-9.722323
2020-11-17,val,-9.996311,-10.153942
2020-11-18,val,-10.010412,-10.181124
2020-11-19,val,-9.862368,-9.982364
2020-11-20,val,-11.623471,-9.896999
2020-11-23,val,-9.898007,-10.275061
2020-11-24,val,-10.183324,-10.034572
2020-11-25,val,-11.421076,-9.948113
2020-11-27,val,-11.677583,-10.327808
2020-11-30,val,-9.79054,-10.7602005
2020-12-01,val,-10.361706,-10.58506
2020-12-02,val,-10.881068,-10.448813
2020-12-03,val,-10.62983,-10.552877
2020-12-04,val,-11.896412,-10.507837
2020-12-07,val,-11.297482,-10.809302
2020-12-08,val,-10.737723,-10.905526
2020-12-09,val,-9.600303,-10.816147
2020-12-10,val,-10.150454,-10.659452
2020-12-11,val,-10.17521,-10.4455385
2020-12-14,val,-9.469563,-10.402074
2020-12-15,val,-10.623073,-10.187727
2020-12-16,val,-10.91754,-10.210795
2020-12-17,val,-12.173398,-10.536095
2020-12-18,val,-9.789126,-10.965617
2020-12-21,val,-8.7366295,-10.786776
2020-12-22,val,-11.131357,-9.676216
2020-12-23,val,-10.965908,-10.152497
2020-12-24,val,-12.130863,-10.65843
2020-12-28,val,-11.906348,-11.003374
2020-12-29,val,-10.641462,-11.196636
2020-12-30,val,-11.874473,-10.996323
2020-12-31,val,-10.585067,-11.032393
2021-01-04,test,-8.100852,-10.797974
2021-01-05,test,-10.057152,-9.295857
2021-01-06,test,-8.625446,-9.550274
2021-01-07,test,-10.253045,-9.572144
2021-01-08,test,-9.693811,-9.477628
2021-01-11,test,-10.46858,-9.801417
2021-01-12,test,-10.106878,-10.077917
2021-01-13,test,-10.468798,-10.040174
2021-01-14,test,-10.702129,-10.274733
2021-01-15,test,-10.066347,-10.39977
2021-01-19,test,-11.290263,-10.414378
2021-01-20,test,-10.382845,-10.602231
2021-01-21,test,-11.668825,-10.582372
2021-01-22,test,-11.039746,-10.795246
2021-01-25,test,-8.939557,-10.827763
2021-01-26,test,-11.226141,-9.98932
2021-01-27,test,-8.61505,-10.189758
2021-01-28,test,-8.697393,-9.81628
2021-01-29,test,-8.871964,-9.159823
2021-02-01,test,-9.536103,-9.150924
2021-02-02,test,-9.746741,-9.331596
2021-02-03,test,-10.424899,-9.557264
2021-02-04,test,-11.4145775,-9.911627
2021-02-05,test,-11.426515,-10.368841
2021-02-08,test,-12.376111,-10.674821
2021-02-09,test,-11.729077,-11.153338
2021-02-10,test,-9.596416,-11.180563
2021-02-11,test,-10.090096,-10.684836
2021-02-12,test,-10.888375,-10.222184
2021-02-16,test,-10.744681,-10.607949
2021-02-17,test,-10.35763,-10.582071
2021-02-18,test,-10.015276,-10.518263
2021-02-19,test,-10.865987,-10.5297985
2021-02-22,test,-10.628708,-10.533115
2021-02-23,test,-8.253744,-10.539458
2021-02-24,test,-9.323929,-9.483943
2021-02-25,test,-8.427478,-9.437543
2021-02-26,test,-8.782256,-9.244911
2021-03-01,test,-9.4132185,-8.985553
2021-03-02,test,-10.8744335,-9.228739
2021-03-03,test,-9.84132,-10.044066
2021-03-04,test,-7.732027,-10.092366
2021-03-05,test,-7.7024746,-9.096325
2021-03-08,test,-9.071349,-8.66364
2021-03-09,test,-9.497747,-8.983985
2021-03-10,test,-10.360523,-9.25012
2021-03-11,test,-9.89697,-9.645005
2021-03-12,test,-10.826411,-9.66547
2021-03-15,test,-9.847785,-9.916928
2021-03-16,test,-10.7569895,-9.920457
2021-03-17,test,-9.73735,-9.994248
2021-03-18,test,-9.49683,-9.958716
2021-03-19,test,-9.695371,-9.79616
2021-03-22,test,-10.12319,-9.653458
2021-03-23,test,-9.808101,-9.78663
2021-03-24,test,-9.601562,-9.744114
2021-03-25,test,-9.0182905,-9.709173
2021-03-26,test,-10.181663,-9.593802
2021-03-29,test,-9.95858,-9.703836
2021-03-30,test,-10.963745,-9.844364
2021-03-31,test,-10.681681,-10.054342
2021-04-01,test,-11.944529,-10.211131
2021-04-05,test,-10.46763,-10.742069
2021-04-06,test,-11.535041,-10.6503
2021-04-07,test,-12.046291,-10.694903
2021-04-08,test,-12.004334,-11.075725
2021-04-09,test,-11.542686,-11.095114
2021-04-12,test,-11.711963,-11.128518
2021-04-13,test,-11.231162,-11.12801
2021-04-14,test,-10.757467,-11.009592
2021-04-15,test,-11.339604,-10.892243
2021-04-16,test,-11.590631,-10.938874
2021-04-19,test,-10.797483,-11.030696
2021-04-20,test,-10.248992,-10.94787
2021-04-21,test,-10.665021,-10.861828
2021-04-22,test,-9.682158,-10.833401
2021-04-23,test,-9.901088,-10.635721
2021-04-26,test,-12.469724,-10.41992
2021-04-27,test,-11.69609,-10.99764
2021-04-28,test,-11.4162035,-11.214089
2021-04-29,test,-9.916335,-11.213924
2021-04-30,test,-11.605773,-10.942153
2021-05-03,test,-11.255921,-10.940969
2021-05-04,test,-9.5789585,-10.953915
2021-05-05,test,-10.892935,-10.625664
2021-05-06,test,-9.646023,-10.64325
2021-05-07,test,-10.53979,-10.571928
2021-05-10,test,-10.3822155,-10.361515
2021-05-11,test,-9.50505,-10.477103
2021-05-12,test,-9.488107,-10.3308735
2021-05-13,test,-9.677591,-9.9977665
2021-05-14,test,-10.150001,-10.007564
2021-05-17,test,-10.648367,-10.064674
2021-05-18,test,-10.746613,-10.2852125
2021-05-19,test,-9.368435,-10.431951
2021-05-20,test,-10.031162,-10.228415
2021-05-21,test,-10.23936,-10.192185
2021-05-24,test,-10.477361,-10.306255
2021-05-25,test,-10.813104,-10.319153
2021-05-26,test,-11.584803,-10.398515
2021-05-27,test,-11.890507,-10.698848
2021-05-28,test,-12.166837,-10.975789
2021-06-01,test,-10.319911,-11.165715
2021-06-02,test,-11.486745,-10.88121
2021-06-03,test,-10.180953,-10.82442
2021-06-04,test,-11.64744,-10.705406
2021-06-07,test,-11.784123,-10.784182
2021-06-08,test,-10.74371,-11.049154
2021-06-09,test,-12.108689,-10.931329
2021-06-10,test,-10.73974,-11.091278
2021-06-11,test,-11.899595,-10.852591
2021-06-14,test,-11.343076,-11.0701275
2021-06-15,test,-11.712552,-11.119555
2021-06-16,test,-9.81255,-11.171749
2021-06-17,test,-10.206512,-10.844156
2021-06-18,test,-11.164806,-10.525897
2021-06-21,test,-10.757264,-10.866568
2021-06-22,test,-10.375707,-10.821252
2021-06-23,test,-12.168761,-10.767126
2021-06-24,test,-12.506341,-11.172265
2021-06-25,test,-12.1501,-11.467534
2021-06-28,test,-11.783111,-11.481386
2021-06-29,test,-12.229075,-11.447994
2021-06-30,test,-12.269691,-11.534171
2021-07-01,test,-12.711803,-11.576116
2021-07-02,test,-11.679854,-11.732839
2021-07-06,test,-10.03772,-11.617701
2021-07-07,test,-10.548624,-10.995144
2021-07-08,test,-9.978746,-10.8215685
2021-07-09,test,-11.166403,-10.796916
2021-07-12,test,-11.474571,-10.822379
2021-07-13,test,-11.173207,-11.061423
2021-07-14,test,-10.600265,-11.114368
2021-07-15,test,-10.844795,-11.039802
2021-07-16,test,-10.12936,-11.025269
2021-07-19,test,-9.437145,-10.877439
2021-07-20,test,-9.421683,-10.550516
2021-07-21,test,-12.011855,-10.167329
2021-07-22,test,-11.559993,-10.65361
2021-07-23,test,-11.404597,-11.0259495
2021-07-26,test,-12.320943,-11.149165
2021-07-27,test,-9.99982,-11.47458
2021-07-28,test,-10.780495,-10.918801
2021-07-29,test,-11.248185,-10.828997
2021-07-30,test,-11.236415,-11.048594
2021-08-02,test,-10.474186,-10.956065
2021-08-03,test,-9.938341,-10.829343
2021-08-04,test,-12.7075205,-10.723507
2021-08-05,test,-12.69101,-11.156906
2021-08-06,test,-12.932358,-11.443518
2021-08-09,test,-12.229126,-11.659602
2021-08-10,test,-12.052008,-11.72687
2021-08-11,test,-12.358549,-11.555795
2021-08-12,test,-11.282508,-11.643397
2021-08-13,test,-13.603137,-11.40019
2021-08-16,test,-10.1434355,-11.87376
2021-08-17,test,-9.988665,-11.453875
2021-08-18,test,-9.914542,-10.310842
2021-08-19,test,-9.787471,-10.738638
2021-08-20,test,-10.987455,-10.113824
2021-08-23,test,-10.695201,-10.48247
2021-08-24,test,-12.826395,-10.693946
2021-08-25,test,-12.066664,-11.466164
2021-08-26,test,-11.845224,-11.588342
2021-08-27,test,-11.156049,-11.58365
2021-08-30,test,-11.582456,-11.439682
2021-08-31,test,-12.206763,-11.333381
2021-09-01,test,-12.180228,-11.582556
2021-09-02,test,-11.435916,-11.62072
2021-09-03,test,-11.541631,-11.543946
2021-09-07,test,-11.762025,-11.360731
2021-09-08,test,-10.883545,-11.425881
2021-09-09,test,-10.492581,-11.22814
2021-09-10,test,-9.845834,-11.063771
2021-09-13,test,-9.803363,-10.919154
2021-09-14,test,-10.182351,-10.541519
2021-09-15,test,-10.186401,-10.437905
2021-09-16,test,-10.027281,-10.347754
2021-09-17,test,-10.723104,-10.30271
2021-09-20,test,-8.481973,-10.465052
2021-09-21,test,-9.918507,-9.923587
2021-09-22,test,-9.964594,-9.916907
2021-09-23,test,-9.859211,-10.278666
2021-09-24,test,-10.754637,-10.044723
2021-09-27,test,-11.395221,-10.204501
2021-09-28,test,-9.911373,-10.656601
2021-09-29,test,-10.630835,-10.639715
2021-09-30,test,-9.531898,-10.62145
2021-10-01,test,-8.694506,-10.481409
2021-10-04,test,-9.124679,-9.721209
2021-10-05,test,-9.610069,-9.470809
2021-10-06,test,-9.107506,-9.596792
2021-10-07,test,-9.905406,-9.543291
2021-10-08,test,-11.281511,-9.644124
2021-10-11,test,-9.603387,-10.124634
2021-10-12,test,-10.7254505,-10.116323
2021-10-13,test,-9.94363,-10.177325
2021-10-14,test,-10.849384,-10.207302
2021-10-15,test,-11.620239,-10.206154
2021-10-18,test,-10.328029,-10.625827
2021-10-19,test,-12.264794,-10.610068
2021-10-20,test,-12.430612,-10.867605
2021-10-21,test,-11.633665,-11.211613
2021-10-22,test,-10.387597,-11.161636
2021-10-25,test,-10.522527,-10.864747
2021-10-26,test,-10.808241,-10.623014
2021-10-27,test,-11.430625,-10.708091
2021-10-28,test,-11.74285,-10.798184
2021-10-29,test,-10.842038,-11.016312
2021-11-01,test,-11.115387,-10.958068
2021-11-02,test,-12.07429,-10.900699
2021-11-03,test,-10.579548,-11.237521
2021-11-04,test,-12.346485,-10.967174
2021-11-05,test,-10.3738575,-11.2278385
2021-11-08,test,-11.562095,-10.945983
2021-11-09,test,-10.647265,-11.003111
2021-11-10,test,-9.767076,-11.052428
2021-11-11,test,-12.367331,-10.606603
2021-11-12,test,-10.866712,-11.039776
2021-11-15,test,-11.2508135,-10.86552
2021-11-16,test,-10.794785,-10.96084
2021-11-17,test,-12.494824,-11.018697
2021-11-18,test,-10.440382,-11.371901
2021-11-19,test,-11.4563675,-10.960519
2021-11-22,test,-9.555637,-11.003147
2021-11-23,test,-9.958842,-10.877229
2021-11-24,test,-10.395885,-10.201164
2021-11-26,test,-9.75017,-10.540887
2021-11-29,test,-10.126489,-10.382914
2021-11-30,test,-9.473998,-10.233068
2021-12-01,test,-8.001287,-10.127584
2021-12-02,test,-9.203392,-9.335609
2021-12-03,test,-8.257265,-9.284661
2021-12-06,test,-9.322492,-9.15062
2021-12-07,test,-10.254503,-9.235917
2021-12-08,test,-10.854012,-9.733328
2021-12-09,test,-11.535038,-10.253392
2021-12-10,test,-10.342053,-10.577386
2021-12-13,test,-11.376553,-10.605483
2021-12-14,test,-9.620339,-10.681866
2021-12-15,test,-8.865373,-10.459016
2021-12-16,test,-9.199517,-9.650157
2021-12-17,test,-9.37647,-9.473189
2021-12-20,test,-9.562573,-9.518126
2021-12-21,test,-9.8057,-9.538167
2021-12-22,test,-10.615427,-9.59316
2021-12-23,test,-10.7222,-9.903318
2021-12-27,test,-10.973128,-10.133644
2021-12-28,test,-11.145951,-10.3137455
2021-12-29,test,-11.1501255,-10.572812
2021-12-30,test,-10.793624,-10.683673
2021-12-31,test,-11.692587,-10.683959
2022-01-03,test,-10.530727,-10.877891
2022-01-04,test,-10.108529,-10.693946
2022-01-05,test,-9.39703,-10.630462
2022-01-06,test,-9.636176,-10.464018
2022-01-07,test,-10.150119,-10.064233
2022-01-10,test,-8.576664,-10.049017
2022-01-11,test,-9.233452,-9.778731
2022-01-12,test,-10.136688,-9.579295
2022-01-13,test,-9.187855,-9.898766
2022-01-14,test,-9.946212,-9.769191
2022-01-18,test,-10.12641,-9.7691765
2022-01-19,test,-9.194074,-9.932906
2022-01-20,test,-8.12899,-9.874418
2022-01-21,test,-8.852578,-9.278536
2022-01-24,test,-6.9505877,-9.152285
2022-01-25,test,-7.8147025,-8.663061
2022-01-26,test,-7.5896964,-8.446837
2022-01-27,test,-8.069712,-8.401775
2022-01-28,test,-8.007413,-8.459835
2022-01-31,test,-8.948354,-8.524745
2022-02-01,test,-9.249018,-8.833388
2022-02-02,test,-9.854505,-9.028094
2022-02-03,test,-9.634295,-9.263767
2022-02-04,test,-8.588309,-9.265897
2022-02-07,test,-9.833307,-9.202527
2022-02-08,test,-9.504685,-9.243499
2022-02-09,test,-11.144301,-9.329657
2022-02-10,test,-8.420241,-9.548444
2022-02-11,test,-8.323889,-9.322499
2022-02-14,test,-9.260337,-8.979176
2022-02-15,test,-11.200324,-9.062485
2022-02-16,test,-9.397518,-9.56713
2022-02-17,test,-9.723878,-9.501664
2022-02-18,test,-9.27701,-9.481816
2022-02-22,test,-8.393838,-9.39831
2022-02-23,test,-8.601365,-9.219684
2022-02-24,test,-7.5342603,-9.039856
2022-02-25,test,-9.156332,-8.73947
2022-02-28,test,-8.906171,-8.930382
2022-03-01,test,-8.544938,-9.071828
2022-03-02,test,-9.429935,-9.043014
2022-03-03,test,-9.177268,-9.148056
2022-03-04,test,-9.383129,-9.269603
2022-03-07,test,-9.134008,-9.347774
2022-03-08,test,-7.885677,-9.327289
2022-03-09,test,-9.249624,-9.048616
2022-03-10,test,-9.270878,-9.067088
2022-03-11,test,-9.152907,-9.211716
2022-03-14,test,-8.573194,-9.248333
2022-03-15,test,-9.485167,-9.119196
2022-03-16,test,-8.4787035,-9.240141
2022-03-17,test,-9.629616,-9.176321
2022-03-18,test,-9.412477,-9.304776
2022-03-21,test,-9.394307,-9.312672
2022-03-22,test,-10.271263,-9.401321
2022-03-23,test,-10.602434,-9.515238
2022-03-24,test,-10.486502,-9.81288
2022-03-25,test,-10.083559,-9.894047
2022-03-28,test,-9.734318,-9.912305
2022-03-29,test,-10.168786,-9.877279
2022-03-30,test,-10.0707855,-9.879344
2022-03-31,test,-10.14413,-9.878261
2022-04-01,test,-10.109793,-9.876585
2022-04-04,test,-10.602145,-9.86
2022-04-05,test,-9.117458,-10.005856
2022-04-06,test,-9.578182,-9.8866415
2022-04-07,test,-9.09485,-9.813719
2022-04-08,test,-9.879481,-9.666687
2022-04-11,test,-10.40346,-9.711071
2022-04-12,test,-8.660549,-9.913857
2022-04-13,test,-10.084421,-9.718127
2022-04-14,test,-9.707544,-9.774301
2022-04-18,test,-10.107066,-9.902265
2022-04-19,test,-9.66262,-9.897942
2022-04-20,test,-10.233338,-9.78135
2022-04-21,test,-8.341658,-9.953716
2022-04-22,test,-9.160766,-9.590083
2022-04-25,test,-8.369482,-9.492562
2022-04-26,test,-9.590324,-9.235842
2022-04-27,test,-8.67193,-9.319934
2022-04-28,test,-8.085985,-9.27726
2022-04-29,test,-8.202057,-9.087074
2022-05-02,test,-8.028612,-8.802914
2022-05-03,test,-9.4952,-8.73481
2022-05-04,test,-7.8220606,-9.133529
2022-05-05,test,-7.733792,-8.932996
2022-05-06,test,-8.344286,-8.711817
2022-05-09,test,-8.787315,-8.627424
2022-05-10,test,-7.951264,-8.828633
2022-05-11,test,-7.8741484,-8.747488
2022-05-12,test,-7.959008,-8.567115
2022-05-13,test,-9.33342,-8.472552
2022-05-16,test,-9.0244255,-8.896549
2022-05-17,test,-9.624974,-8.9770565
2022-05-18,test,-8.426928,-9.148861
2022-05-19,test,-8.757653,-9.023843
2022-05-20,test,-7.466578,-8.991747
2022-05-23,test,-9.238568,-8.610313
2022-05-24,test,-8.460917,-8.774855
2022-05-25,test,-9.060421,-8.805613
2022-05-26,test,-8.99316,-8.9505005
2022-05-27,test,-10.00941,-8.928398
2022-05-31,test,-9.118673,-9.247367
2022-06-01,test,-8.519356,-9.206818
2022-06-02,test,-8.722893,-9.139177
2022-06-03,test,-10.181629,-8.959552
2022-06-06,test,-9.213608,-9.313005
2022-06-07,test,-9.049196,-9.300703
2022-06-08,test,-9.725027,-9.318086
2022-06-09,test,-8.810181,-9.329188
2022-06-10,test,-10.053837,-9.3955765
2022-06-13,test,-8.704195,-9.485951
2022-06-14,test,-8.702898,-9.394929
2022-06-15,test,-7.7135077,-9.272138
2022-06-16,test,-8.614644,-8.801598
2022-06-17,test,-8.601777,-8.761939
2022-06-21,test,-9.436265,-8.885324
2022-06-22,test,-8.37051,-9.199439
2022-06-23,test,-9.109566,-9.069761
2022-06-24,test,-9.524078,-9.163477
2022-06-27,test,-10.21448,-9.269069
2022-06-28,test,-8.084766,-9.559651
2022-06-29,test,-9.962095,-9.246983
2022-06-30,test,-8.395416,-9.410699
2022-07-01,test,-8.754922,-9.248704
2022-07-05,test,-8.321443,-9.04167
2022-07-06,test,-8.995931,-8.913551
2022-07-07,test,-10.13436,-8.964045
2022-07-08,test,-9.47764,-9.373177
2022-07-11,test,-10.823379,-9.386424
2022-07-12,test,-8.856082,-9.627249
2022-07-13,test,-8.747532,-9.555052
2022-07-14,test,-8.625862,-9.354416
2022-07-15,test,-10.834675,-9.087245
2022-07-18,test,-8.722358,-9.572057
2022-07-19,test,-9.739402,-9.479449
2022-07-20,test,-9.537504,-9.5362625
2022-07-21,test,-9.05128,-9.516389
2022-07-22,test,-8.886444,-9.450588
2022-07-25,test,-10.3403225,-9.307408
2022-07-26,test,-10.332102,-9.594438
2022-07-27,test,-9.055891,-9.800198
2022-07-28,test,-8.64258,-9.61537
2022-07-29,test,-9.600747,-9.358701
2022-08-01,test,-9.572503,-9.467134
2022-08-02,test,-9.161427,-9.546111
2022-08-03,test,-9.83307,-9.4946785
2022-08-04,test,-10.857698,-9.540393
2022-08-05,test,-10.177861,-9.9296055
2022-08-08,test,-9.310443,-9.98683
2022-08-09,test,-11.035968,-9.769576
2022-08-10,test,-11.199679,-9.919443
2022-08-11,test,-9.428242,-10.3493805
2022-08-12,test,-10.203645,-9.971676
2022-08-15,test,-10.157533,-9.908619
2022-08-16,test,-9.782123,-10.113276
2022-08-17,test,-9.640761,-9.987021
2022-08-18,test,-10.674326,-9.815264
2022-08-19,test,-10.339681,-10.038666
2022-08-22,test,-9.898876,-10.142759
2022-08-23,test,-10.210026,-10.072816
2022-08-24,test,-10.274031,-10.018656
2022-08-25,test,-10.292718,-10.148799
2022-08-26,test,-8.689577,-10.146438
2022-08-29,test,-9.668628,-9.763846
2022-08-30,test,-8.982541,-9.769499
2022-08-31,test,-9.631454,-9.6777725
2022-09-01,test,-9.023304,-9.64273
2022-09-02,test,-8.184342,-9.546496
2022-09-06,test,-9.33096,-9.289172
2022-09-07,test,-9.294792,-9.25964
2022-09-08,test,-9.380993,-9.383306
2022-09-09,test,-10.080514,-9.472727
2022-09-12,test,-10.759844,-9.612043
2022-09-13,test,-8.749958,-9.993174
2022-09-14,test,-9.443785,-9.714433
2022-09-15,test,-8.882554,-9.652889
2022-09-16,test,-9.670365,-9.490133
2022-09-19,test,-9.658268,-9.46857
2022-09-20,test,-9.573485,-9.538089
2022-09-21,test,-8.138409,-9.62036
2022-09-22,test,-10.024599,-9.276245
2022-09-23,test,-8.511358,-9.489397
2022-09-26,test,-8.717787,-9.382126
2022-09-27,test,-8.160851,-9.224292
2022-09-28,test,-8.460974,-8.934015
2022-09-29,test,-8.7522335,-8.867737
2022-09-30,test,-8.414078,-8.939637
2022-10-03,test,-8.567534,-8.9508505
2022-10-04,test,-10.178804,-8.91802
2022-10-05,test,-8.395484,-9.368225
2022-10-06,test,-9.2029,-9.233697
2022-10-07,test,-8.826776,-9.289513
2022-10-10,test,-9.024189,-9.17237
2022-10-11,test,-8.52121,-9.149859
2022-10-12,test,-10.117479,-9.049749
2022-10-13,test,-7.1422863,-9.362006
2022-10-14,test,-8.040404,-8.951958
2022-10-17,test,-9.853017,-8.730026
2022-10-18,test,-8.566014,-9.278845
2022-10-19,test,-8.880165,-9.022289
2022-10-20,test,-8.439276,-9.061663
2022-10-21,test,-8.580985,-8.923874
2022-10-24,test,-8.920416,-8.888613
2022-10-25,test,-10.050256,-8.936498
2022-10-26,test,-8.954939,-9.315337
2022-10-27,test,-9.34326,-9.257242
2022-10-28,test,-9.278342,-9.338013
2022-10-31,test,-10.464939,-9.311621
2022-11-01,test,-9.209177,-9.582245
2022-11-02,test,-7.8295302,-9.489639
2022-11-03,test,-9.270457,-9.0640745
2022-11-04,test,-8.211458,-9.104987
2022-11-07,test,-9.62292,-9.03603
2022-11-08,test,-8.624317,-9.219833
2022-11-09,test,-9.358569,-9.104277
2022-11-10,test,-9.413007,-9.262148
2022-11-11,test,-9.422763,-9.252522
2022-11-14,test,-9.477138,-9.3935585
2022-11-15,test,-8.653301,-9.413854
2022-11-16,test,-10.910652,-9.356481
2022-11-17,test,-9.802577,-9.649428
2022-11-18,test,-9.696241,-9.786685
2022-11-21,test,-10.581719,-9.686514
2022-11-22,test,-10.114891,-9.689766
2022-11-23,test,-10.780268,-9.904902
2022-11-25,test,-12.159984,-9.962464
2022-11-28,test,-9.741005,-10.6815605
2022-11-29,test,-9.948369,-10.46503
2022-11-30,test,-8.248517,-10.001097
2022-12-01,test,-9.54468,-9.23022
2022-12-02,test,-9.642679,-9.302666
2022-12-05,test,-9.490174,-9.638093
2022-12-06,test,-8.837911,-9.611591
2022-12-07,test,-10.146922,-9.431818
2022-12-08,test,-10.103506,-9.648267
2022-12-09,test,-9.862272,-9.883629
2022-12-12,test,-10.314313,-9.867729
2022-12-13,test,-8.120899,-9.863002
2022-12-14,test,-8.370463,-9.429541
2022-12-15,test,-9.165726,-9.115828
2022-12-16,test,-9.262269,-9.2327
2022-12-19,test,-9.591579,-9.281766
2022-12-20,test,-9.737242,-9.438509
2022-12-21,test,-9.998917,-9.525659
2022-12-22,test,-8.30767,-9.676821
2022-12-23,test,-9.750558,-9.4083395
2022-12-27,test,-10.322536,-9.493656
2022-12-28,test,-9.21533,-9.858901
2022-12-29,test,-10.029919,-9.682865
2022-12-30,test,-9.891112,-9.659165
2023-01-03,test,-8.43013,-9.783175
2023-01-04,test,-9.14012,-9.510665
2023-01-05,test,-10.75916,-9.360826
2023-01-06,test,-8.620687,-9.905077
2023-01-09,test,-9.126022,-9.64168
2023-01-10,test,-10.241026,-9.4911995
2023-01-11,test,-10.774042,-9.757481
2023-01-12,test,-9.076294,-10.030338
2023-01-13,test,-9.655654,-9.715035
2023-01-17,test,-10.482862,-9.706621
2023-01-18,test,-9.106571,-10.000141
2023-01-19,test,-10.087209,-9.859861
2023-01-20,test,-9.41405,-9.79767
2023-01-23,test,-9.202644,-9.761943
2023-01-24,test,-10.390658,-9.67187
2023-01-25,test,-8.952668,-9.746707
2023-01-26,test,-9.763308,-9.767322
2023-01-27,test,-9.793123,-9.744854
2023-01-30,test,-9.946003,-9.731683
2023-01-31,test,-10.601278,-9.807786
2023-02-01,test,-8.056243,-9.895159
2023-02-02,test,-9.529633,-9.4536495
2023-02-03,test,-9.201154,-9.473775
2023-02-06,test,-10.509497,-9.547256
2023-02-07,test,-8.806232,-9.689884
2023-02-08,test,-10.379153,-9.573393
2023-02-09,test,-8.936088,-9.835244
2023-02-10,test,-10.674739,-9.673955
2023-02-13,test,-10.581306,-9.740395
2023-02-14,test,-9.019013,-10.043408
2023-02-15,test,-10.143137,-9.764913
2023-02-16,test,-9.867482,-9.722664
2023-02-17,test,-10.288639,-9.970505
2023-02-21,test,-10.457226,-9.950428
2023-02-22,test,-9.9350605,-9.9366
2023-02-23,test,-9.130464,-10.018825
2023-02-24,test,-10.147467,-9.803811
2023-02-27,test,-9.729101,-9.856351
2023-02-28,test,-10.620086,-9.921813
2023-03-01,test,-10.39421,-10.0009165
2023-03-02,test,-9.427839,-10.05453
2023-03-03,test,-10.31675,-9.973917
2023-03-06,test,-10.297244,-9.957598
2023-03-07,test,-9.73883,-10.138487
2023-03-08,test,-10.444961,-10.030328
2023-03-09,test,-8.422426,-10.009979
2023-03-10,test,-8.582573,-9.721158
2023-03-13,test,-8.112098,-9.354242
2023-03-14,test,-9.056077,-8.977165
2023-03-15,test,-9.219694,-9.005461
2023-03-16,test,-8.726379,-9.236024
2023-03-17,test,-9.664464,-9.230379
2023-03-20,test,-10.728594,-9.373415
2023-03-21,test,-10.504287,-9.858488
2023-03-22,test,-8.369358,-10.039515
2023-03-23,test,-8.305207,-9.380924
2023-03-24,test,-9.159606,-9.090077
2023-03-27,test,-10.281831,-9.194644
2023-03-28,test,-10.631411,-9.633997
2023-03-29,test,-11.441116,-9.911252
2023-03-30,test,-10.82638,-10.236775
2023-03-31,test,-10.6426,-10.386968
2023-04-03,test,-11.230089,-10.463124
2023-04-04,test,-9.983102,-10.6032295
2023-04-05,test,-10.740496,-10.331609
2023-04-06,test,-10.452398,-10.3829975
2023-04-10,test,-10.496499,-10.396598
2023-04-11,test,-11.190183,-10.319757
2023-04-12,test,-9.981031,-10.539376
2023-04-13,test,-10.499204,-10.505113
2023-04-14,test,-9.527404,-10.498816
2023-04-17,test,-10.856033,-10.348805
2023-04-18,test,-10.697919,-10.317307
2023-04-19,test,-10.940595,-10.461052
2023-04-20,test,-10.293559,-10.543718
2023-04-21,test,-10.976345,-10.566181
2023-04-24,test,-10.968367,-10.637805
2023-04-25,test,-10.764046,-10.692943
2023-04-26,test,-10.575379,-10.677287
2023-04-27,test,-10.265817,-10.669075
2023-04-28,test,-10.936894,-10.616898
2023-05-01,test,-11.115369,-10.618652
2023-05-02,test,-9.046572,-10.680037
2023-05-03,test,-9.415937,-10.355732
2023-05-04,test,-10.594484,-9.998335
2023-05-05,test,-9.829533,-10.355849
2023-05-08,test,-11.515191,-10.276042
2023-05-09,test,-12.219647,-10.468624
2023-05-10,test,-9.325186,-11.031064
2023-05-11,test,-11.029692,-10.651893
2023-05-12,test,-9.828864,-10.600411
2023-05-15,test,-10.553826,-10.607233
2023-05-16,test,-11.33214,-10.15077
2023-05-17,test,-9.965577,-10.591811
2023-05-18,test,-10.353744,-10.614401
2023-05-19,test,-10.514837,-10.549081
2023-05-22,test,-10.607719,-10.574013
2023-05-23,test,-10.352236,-10.524928
2023-05-24,test,-10.946158,-10.460835
2023-05-25,test,-10.197892,-10.579752
2023-05-26,test,-10.174205,-10.560907
2023-05-30,test,-10.320788,-10.498391
2023-05-31,test,-10.728285,-10.438962
2023-06-01,test,-9.52406,-10.469033
2023-06-02,test,-10.369452,-10.304866
2023-06-05,test,-10.522182,-10.309816
2023-06-06,test,-11.167939,-10.442009
2023-06-07,test,-10.517941,-10.540195
2023-06-08,test,-10.644656,-10.578771
2023-06-09,test,-10.596203,-10.594101
2023-06-12,test,-11.116667,-10.608033
2023-06-13,test,-11.299411,-10.639597
2023-06-14,test,-9.489507,-10.755069
2023-06-15,test,-9.455247,-10.623204
2023-06-16,test,-10.657165,-10.162164
2023-06-20,test,-10.513393,-10.344134
2023-06-21,test,-11.2024975,-10.440454
2023-06-22,test,-11.505536,-10.534999
2023-06-23,test,-11.0387335,-10.800829
2023-06-26,test,-10.584383,-10.831484
2023-06-27,test,-10.415246,-10.769897
2023-06-28,test,-10.727502,-10.702898
2023-06-29,test,-11.6333275,-10.663488
2023-06-30,test,-10.946724,-10.844157
2023-07-03,test,-12.297638,-10.837683
2023-07-05,test,-11.833402,-11.177067
2023-07-06,test,-10.289655,-11.2235365
2023-07-07,test,-9.971726,-10.934752
2023-07-10,test,-11.662519,-10.656066
2023-07-11,test,-10.79457,-10.893592
2023-07-12,test,-11.084351,-10.750669
2023-07-13,test,-11.265915,-10.839906
2023-07-14,test,-10.930002,-10.993553
2023-07-17,test,-11.077727,-10.902977
2023-07-18,test,-10.272137,-10.903797
2023-07-19,test,-11.468541,-10.801698
2023-07-20,test,-10.54502,-10.887834
2023-07-21,test,-12.137282,-10.783539
2023-07-24,test,-11.570273,-11.132048
2023-07-25,test,-11.026018,-11.175177
2023-07-26,test,-10.480401,-11.0468855
2023-07-27,test,-9.444025,-10.9323
2023-07-28,test,-11.390135,-10.685164
2023-07-31,test,-11.487213,-10.711385
2023-08-01,test,-11.885038,-10.894522
2023-08-02,test,-10.668359,-11.123352
2023-08-03,test,-10.50791,-11.0280075
2023-08-04,test,-9.410596,-10.854164
2023-08-07,test,-11.937227,-10.699542
2023-08-08,test,-10.187521,-10.762107
2023-08-09,test,-10.817457,-10.602418
2023-08-10,test,-9.087973,-10.503771
2023-08-11,test,-10.694382,-10.095165
2023-08-14,test,-11.123156,-10.325662
2023-08-15,test,-10.715506,-10.747263
2023-08-16,test,-10.184074,-10.702761
2023-08-17,test,-10.127501,-10.638267
2023-08-18,test,-10.022478,-10.639445
2023-08-21,test,-9.894135,-10.470016
2023-08-22,test,-10.93979,-10.273535
2023-08-23,test,-10.600454,-10.3649235
2023-08-24,test,-9.85802,-10.493522
2023-08-25,test,-9.2608595,-10.410297
2023-08-28,test,-11.15045,-10.064687
2023-08-29,test,-10.2336235,-10.358585
2023-08-30,test,-11.083637,-10.419083
2023-08-31,test,-11.214339,-10.469655
2023-09-01,test,-10.266263,-10.688223
2023-09-05,test,-12.226606,-10.636141
2023-09-06,test,-9.992044,-10.89426
2023-09-07,test,-11.209072,-10.554559
2023-09-08,test,-11.097754,-10.617726
2023-09-11,test,-11.310914,-10.882279
2023-09-12,test,-10.798926,-10.818227
2023-09-13,test,-11.022526,-10.791141
2023-09-14,test,-10.737936,-10.783359
2023-09-15,test,-10.790536,-10.730428
2023-09-18,test,-11.217035,-10.72015
2023-09-19,test,-10.480867,-10.784236
2023-09-20,test,-10.123362,-10.733914
2023-09-21,test,-10.981491,-10.673372
2023-09-22,test,-10.26562,-10.689017
2023-09-25,test,-10.845847,-10.60055
2023-09-26,test,-10.495798,-10.625537
2023-09-27,test,-9.470449,-10.673689
2023-09-28,test,-9.772988,-10.502435
2023-09-29,test,-9.751752,-10.243672
2023-10-02,test,-10.027659,-10.180241
2023-10-03,test,-9.418516,-10.107802
2023-10-04,test,-10.012351,-9.956945
2023-10-05,test,-9.963575,-10.02686
2023-10-06,test,-8.59786,-10.054121
2023-10-09,test,-10.007551,-9.752442
2023-10-10,test,-9.940677,-9.768035
2023-10-11,test,-10.520738,-10.013343
2023-10-12,test,-9.48063,-10.101714
2023-10-13,test,-9.310489,-9.923518
2023-10-16,test,-10.629337,-9.882959
2023-10-17,test,-9.618895,-10.029415
2023-10-18,test,-9.730643,-10.060912
2023-10-19,test,-9.289655,-9.922092
2023-10-20,test,-10.538363,-9.727039
2023-10-23,test,-8.999224,-9.962147
2023-10-24,test,-10.093057,-9.838431
2023-10-25,test,-10.481318,-9.86978
2023-10-26,test,-9.785982,-10.029444
2023-10-27,test,-9.835445,-10.009293
2023-10-30,test,-10.112365,-9.840643
2023-10-31,test,-10.113969,-9.92491
2023-11-01,test,-10.251024,-9.970961
2023-11-02,test,-10.799323,-9.977798
2023-11-03,test,-10.446905,-10.13408
2023-11-06,test,-11.045243,-10.221248
2023-11-07,test,-10.728315,-10.418473
2023-11-08,test,-10.566463,-10.514735
2023-11-09,test,-10.604293,-10.497933
2023-11-10,test,-9.781969,-10.5027
2023-11-13,test,-10.839215,-10.3860035
2023-11-14,test,-10.247832,-10.359666
2023-11-15,test,-11.021883,-10.339699
2023-11-16,test,-11.327261,-10.43164
2023-11-17,test,-11.521806,-10.675657
2023-11-20,test,-10.44148,-10.828595
2023-11-21,test,-11.910265,-10.746118
2023-11-22,test,-11.256371,-10.86759
2023-11-24,test,-13.692836,-10.82244
2023-11-27,test,-12.312086,-11.580763
2023-11-28,test,-10.99558,-11.606779
2023-11-29,test,-10.384659,-11.21597
2023-11-30,test,-10.697469,-10.897453
2023-12-01,test,-10.604676,-10.812942
2023-12-04,test,-11.088871,-10.779293
2023-12-05,test,-11.074359,-10.823247
2023-12-06,test,-10.738669,-10.900254
2023-12-07,test,-11.456205,-10.891265
2023-12-08,test,-11.12181,-11.00415
2023-12-11,test,-11.976735,-11.014349
2023-12-12,test,-10.903623,-11.26399
2023-12-13,test,-10.245919,-11.1396675
2023-12-14,test,-10.032828,-10.944916
2023-12-15,test,-11.581184,-10.844796
2023-12-18,test,-11.62967,-10.933144
2023-12-19,test,-12.590489,-11.127811
2023-12-20,test,-9.60777,-11.49608
2023-12-21,test,-10.492734,-11.075821
2023-12-22,test,-10.450823,-10.709739
2023-12-26,test,-11.430165,-10.911505
2023-12-27,test,-12.238761,-10.909781
2023-12-28,test,-12.66797,-11.215173
2023-12-29,test,-10.546157,-11.5019655
2024-01-02,test,-10.714303,-11.252408
2024-01-03,test,-11.28571,-10.929716
2024-01-04,test,-10.306209,-11.13841
2024-01-05,test,-10.280494,-10.83517
2024-01-08,test,-10.356236,-10.808566
2024-01-09,test,-10.649103,-10.76587
2024-01-10,test,-10.988708,-10.699698
2024-01-11,test,-9.512297,-10.742144
2024-01-12,test,-10.659662,-10.660838
2024-01-16,test,-10.533468,-10.6264715
2024-01-17,test,-10.853626,-10.696759
2024-01-18,test,-10.186009,-10.682596
2024-01-19,test,-10.215104,-10.652094
2024-01-22,test,-11.294991,-10.63516
2024-01-23,test,-11.577673,-10.721351
2024-01-24,test,-10.665033,-10.927432
2024-01-25,test,-11.012655,-10.878117
2024-01-26,test,-11.23463,-10.83958
2024-01-29,test,-10.991111,-10.896829
2024-01-30,test,-12.3078165,-10.83556
2024-01-31,test,-10.3141575,-11.167934
2024-02-01,test,-10.517364,-10.824736
2024-02-02,test,-9.655844,-10.689747
2024-02-05,test,-10.479959,-10.67942
2024-02-06,test,-11.469198,-10.475045
2024-02-07,test,-11.363839,-10.673196
2024-02-08,test,-12.581487,-10.848567
2024-02-09,test,-11.530489,-11.314382
2024-02-12,test,-10.856314,-11.2674465
2024-02-13,test,-9.90908,-10.976679
2024-02-14,test,-10.29731,-10.791328
2024-02-15,test,-11.403479,-10.653526
2024-02-16,test,-10.797653,-10.814164
2024-02-20,test,-10.509352,-10.8259115
2024-02-21,test,-10.698282,-10.801761
2024-02-22,test,-10.592025,-10.833764
2024-02-23,test,-11.128916,-10.764272
2024-02-26,test,-11.767496,-10.810379
2024-02-27,test,-11.4676695,-11.07082
2024-02-28,test,-11.877595,-11.10615
2024-02-29,test,-10.284193,-11.249929
2024-03-01,test,-10.8837185,-10.945685
2024-03-04,test,-11.556031,-10.8552885
2024-03-05,test,-9.917781,-11.079935
2024-03-06,test,-10.624479,-10.826724
2024-03-07,test,-10.964289,-10.778473
2024-03-08,test,-9.529341,-10.867158
2024-03-11,test,-10.770768,-10.609069
2024-03-12,test,-9.784882,-10.549506
2024-03-13,test,-11.253796,-10.549175
2024-03-14,test,-10.003386,-10.563808
2024-03-15,test,-10.840811,-10.545252
2024-03-18,test,-11.004441,-10.563376
2024-03-19,test,-10.720397,-10.752462
2024-03-20,test,-10.450508,-10.717902
2024-03-21,test,-12.094581,-10.690325
2024-03-22,test,-12.474061,-11.034793
2024-03-25,test,-12.692877,-11.328219
2024-03-26,test,-11.572111,-11.489149
2024-03-27,test,-11.049971,-11.409586
2024-03-28,test,-12.024299,-10.985466
2024-04-01,test,-10.865325,-11.223266
2024-04-02,test,-11.427394,-10.926591
2024-04-03,test,-10.948927,-10.9808035
2024-04-04,test,-9.298102,-10.986216
2024-04-05,test,-9.929337,-10.499697
2024-04-08,test,-11.742241,-10.404737
2024-04-09,test,-9.493986,-10.846662
2024-04-10,test,-10.451683,-10.6596
2024-04-11,test,-9.318805,-10.449774
2024-04-12,test,-9.875743,-10.149815
2024-04-15,test,-8.852045,-9.99998
2024-04-16,test,-10.460692,-9.812553
2024-04-17,test,-9.6389675,-10.061935
2024-04-18,test,-9.846654,-10.095511
2024-04-19,test,-9.664615,-10.086184
2024-04-22,test,-9.339175,-9.882278
2024-04-23,test,-10.866064,-9.904907
2024-04-24,test,-10.335165,-10.101004
2024-04-25,test,-9.472266,-10.296077
2024-04-26,test,-10.425588,-10.015767
2024-04-29,test,-10.670602,-9.977936
2024-04-30,test,-10.098906,-10.324494
2024-05-01,test,-8.932612,-10.192881
2024-05-02,test,-9.529877,-9.807513
2024-05-03,test,-10.518693,-9.763857
2024-05-06,test,-11.922282,-10.078619
2024-05-07,test,-11.687797,-10.474938
2024-05-08,test,-11.779808,-10.759905
2024-05-09,test,-11.20777,-10.964529
2024-05-10,test,-11.021188,-10.976408
2024-05-13,test,-11.458682,-10.810631
2024-05-14,test,-11.520983,-10.903736
2024-05-15,test,-11.161843,-10.95226
2024-05-16,test,-11.257588,-10.935832
2024-05-17,test,-11.672697,-10.955842
2024-05-20,test,-11.596739,-11.090278
2024-05-21,test,-12.142423,-11.11278
2024-05-22,test,-10.702417,-11.330781
2024-05-23,test,-9.7818,-11.096468
2024-05-24,test,-11.309042,-10.719505
2024-05-28,test,-10.794645,-10.825243
2024-05-29,test,-12.214035,-10.784391
2024-05-30,test,-10.916325,-11.250656
2024-05-31,test,-8.972036,-11.146977
2024-06-03,test,-9.43121,-10.019399
2024-06-04,test,-10.481642,-9.807404
2024-06-05,test,-10.257997,-10.440057
2024-06-06,test,-11.296562,-10.494959
2024-06-07,test,-10.311157,-10.705572
2024-06-10,test,-11.083772,-10.735543
2024-06-11,test,-10.268234,-10.814807
2024-06-12,test,-10.689044,-10.777286
2024-06-13,test,-10.574811,-10.705659
2024-06-14,test,-11.233047,-10.732447
2024-06-17,test,-9.810222,-10.778908
2024-06-18,test,-12.305897,-10.6718645
2024-06-20,test,-10.339345,-10.916749
2024-06-21,test,-11.37299,-10.644627
2024-06-24,test,-10.440363,-10.68668
2024-06-25,test,-11.448089,-10.834983
2024-06-26,test,-11.286664,-10.819413
2024-06-27,test,-11.74739,-10.909151
2024-06-28,test,-9.468779,-11.029441
2024-07-01,test,-10.92185,-10.697899
2024-07-02,test,-11.099537,-10.620565
2024-07-03,test,-12.103113,-10.800915
2024-07-05,test,-11.208284,-11.109567
2024-07-08,test,-11.893881,-11.05383
2024-07-09,test,-12.549625,-11.152422
2024-07-10,test,-11.058773,-11.485656
2024-07-11,test,-10.190199,-11.2151375
2024-07-12,test,-9.7275,-10.881041
2024-07-15,test,-10.072717,-10.650076
2024-07-16,test,-11.706346,-10.3895235
2024-07-17,test,-10.996989,-10.7962475
2024-07-18,test,-9.391745,-10.869962
2024-07-19,test,-10.097324,-10.52193
2024-07-22,test,-10.689897,-10.283688
2024-07-23,test,-10.925876,-10.648983
2024-07-24,test,-9.907801,-10.683647
2024-07-25,test,-8.74284,-10.613218
2024-07-26,test,-9.9595785,-9.980371
2024-07-29,test,-10.441642,-10.025671
2024-07-30,test,-9.145774,-10.442763
2024-07-31,test,-9.880827,-10.036858
2024-08-01,test,-8.124302,-9.92603
2024-08-02,test,-9.159428,-9.449806
2024-08-05,test,-8.097288,-9.293531
2024-08-06,test,-8.336211,-9.081103
2024-08-07,test,-8.485455,-8.85947
2024-08-08,test,-9.236179,-8.846279
2024-08-09,test,-9.964705,-9.12908
2024-08-12,test,-10.188915,-9.476225
2024-08-13,test,-10.984498,-9.704609
2024-08-14,test,-10.241078,-10.015387
2024-08-15,test,-11.42761,-10.033189
2024-08-16,test,-11.110638,-10.364026
2024-08-19,test,-10.773386,-10.57369
2024-08-20,test,-10.865159,-10.536502
2024-08-21,test,-10.681706,-10.555851
2024-08-22,test,-9.856433,-10.489775
2024-08-23,test,-10.169654,-10.337011
2024-08-26,test,-10.349778,-10.225336
2024-08-27,test,-11.034853,-10.135893
2024-08-28,test,-9.773622,-10.256169
2024-08-29,test,-9.712545,-10.200766
2024-08-30,test,-9.700659,-10.086391
2024-09-03,test,-9.037607,-9.985052
2024-09-04,test,-10.190277,-9.868677
2024-09-05,test,-9.60194,-9.87181
2024-09-06,test,-9.080775,-9.944378
2024-09-09,test,-10.395845,-9.802957
2024-09-10,test,-9.855763,-9.886548
2024-09-11,test,-7.959196,-10.095507
2024-09-12,test,-9.895969,-9.336974
2024-09-13,test,-11.275663,-9.4983635
2024-09-16,test,-11.345538,-10.330341
2024-09-17,test,-10.002472,-10.513795
2024-09-18,test,-9.426344,-10.355888
2024-09-19,test,-10.329489,-10.061656
2024-09-20,test,-10.6014595,-10.052789
2024-09-23,test,-11.972487,-10.2385025
2024-09-24,test,-10.826644,-10.625184
2024-09-25,test,-11.393496,-10.668162
2024-09-26,test,-10.439408,-10.720658
2024-09-27,test,-11.00274,-10.656133
2024-09-30,test,-10.064089,-10.625463
2024-10-01,test,-9.702327,-10.5699415
2024-10-02,test,-10.396635,-10.250531
2024-10-03,test,-10.543257,-10.206638
2024-10-04,test,-10.217722,-10.374061
2024-10-07,test,-10.747655,-10.313359
2024-10-08,test,-11.034702,-10.431064
2024-10-09,test,-10.748486,-10.617849
2024-10-10,test,-11.19952,-10.655606
2024-10-11,test,-11.137529,-10.739233
2024-10-14,test,-11.083178,-10.818485
2024-10-15,test,-10.298665,-10.829053
2024-10-16,test,-11.187674,-10.744632
2024-10-17,test,-11.719031,-10.761407
2024-10-18,test,-11.555552,-10.986951
2024-10-21,test,-10.565017,-11.031547
2024-10-22,test,-10.733189,-10.90082
2024-10-23,test,-9.68303,-10.806296
2024-10-24,test,-11.085012,-10.671183
2024-10-25,test,-9.824643,-10.60625
2024-10-28,test,-12.299888,-10.523413
2024-10-29,test,-10.487757,-10.84418
2024-10-30,test,-10.869685,-10.698277
2024-10-31,test,-10.702561,-10.596795
2024-11-01,test,-10.220486,-10.821536
2024-11-04,test,-10.447723,-10.636423
2024-11-05,test,-11.151069,-10.653005
2024-11-06,test,-10.512592,-10.719561
2024-11-07,test,-11.367749,-10.709081
2024-11-08,test,-11.18207,-10.79185
2024-11-11,test,-11.29706,-10.884713
2024-11-12,test,-10.396513,-10.914712
2024-11-13,test,-10.599288,-10.831416
2024-11-14,test,-10.840654,-10.76286
2024-11-15,test,-10.224264,-10.761531
2024-11-18,test,-10.750504,-10.647047
2024-11-19,test,-10.063776,-10.628217
2024-11-20,test,-9.864641,-10.578188
2024-11-21,test,-9.41285,-10.428703
2024-11-22,test,-12.272745,-10.124797
2024-11-25,test,-10.0149145,-10.600296
2024-11-26,test,-11.490235,-10.44427
2024-11-27,test,-11.124045,-10.696856
2024-11-29,test,-11.201588,-10.943145
2024-12-02,test,-12.420774,-10.824806
2024-12-03,test,-12.363077,-11.240712
2024-12-04,test,-11.7160015,-11.347803
2024-12-05,test,-12.354897,-11.318192
2024-12-06,test,-12.2975235,-11.448814
2024-12-09,test,-11.326479,-11.511536
2024-12-10,test,-11.347151,-11.341371
2024-12-11,test,-11.71185,-11.086745
2024-12-12,test,-12.127959,-11.240282
2024-12-13,test,-10.728702,-11.416817
2024-12-16,test,-11.72467,-11.20736
2024-12-17,test,-11.887186,-11.186462
2024-12-18,test,-8.323602,-11.357233
2024-12-19,test,-9.985158,-9.76151
2024-12-20,test,-8.3628025,-9.765187
2024-12-23,test,-9.585701,-9.35079
2024-12-24,test,-11.120161,-9.06656
2024-12-26,test,-10.679215,-10.372473
2024-12-27,test,-9.691964,-10.727801
2024-12-30,test,-9.545908,-10.377349
2024-12-31,test,-10.200884,-10.033819
2025-01-02,test,-8.821056,-10.2731085
2025-01-03,test,-10.662941,-9.997526
2025-01-06,test,-9.87782,-10.101856
2025-01-07,test,-9.2747345,-10.249479
2025-01-08,test,-10.130091,-9.924154
2025-01-10,test,-9.816647,-9.788334
2025-01-13,test,-10.427033,-10.044956
2025-01-14,test,-9.690917,-10.057714
2025-01-15,test,-10.741463,-9.949131
2025-01-16,test,-11.642904,-10.134126
2025-01-17,test,-10.89627,-10.563761
2025-01-21,test,-11.155201,-10.631401
2025-01-22,test,-11.741459,-10.63735
2025-01-23,test,-11.808104,-10.920373
2025-01-24,test,-11.004429,-10.985624
2025-01-27,test,-10.776371,-10.926211
2025-01-28,test,-9.564808,-10.787214
2025-01-29,test,-10.3965,-10.622381
2025-01-30,test,-10.046273,-10.450674
2025-01-31,test,-9.478729,-10.369549
2025-02-03,test,-8.959988,-10.113265
2025-02-04,test,-10.822532,-9.738976
2025-02-05,test,-10.599609,-10.111802
2025-02-06,test,-10.955577,-10.446403
2025-02-07,test,-9.797066,-10.525606
2025-02-10,test,-11.889234,-10.473738
2025-02-11,test,-11.34604,-10.754276
2025-02-12,test,-10.082732,-10.84875
2025-02-13,test,-10.489202,-10.67408
2025-02-14,test,-12.156116,-10.600594
2025-02-18,test,-11.375165,-11.030438
2025-02-19,test,-11.477452,-11.017128
2025-02-20,test,-10.40105,-11.015831
2025-02-21,test,-9.975291,-10.843261
2025-02-24,test,-10.133121,-10.595235
2025-02-25,test,-9.295573,-10.562794
2025-02-26,test,-9.420537,-10.18066
2025-02-27,test,-9.213532,-9.920942
2025-02-28,test,-9.141372,-9.733804
2025-03-03,test,-8.161521,-9.641001
2025-03-04,test,-8.302616,-9.185974
2025-03-05,test,-8.710925,-8.925232
2025-03-06,test,-8.980359,-8.920275
2025-03-07,test,-8.594948,-9.06202
2025-03-10,test,-8.443782,-9.06195
2025-03-11,test,-8.653941,-8.963854
2025-03-12,test,-8.87701,-8.916054
2025-03-13,test,-9.508501,-8.990561
2025-03-14,test,-10.229098,-9.232431
2025-03-17,test,-9.67654,-9.568305
2025-03-18,test,-10.363373,-9.546177
2025-03-19,test,-9.090835,-9.678731
2025-03-20,test,-9.277714,-9.603462
2025-03-21,test,-9.793971,-9.555216
2025-03-24,test,-10.789804,-9.511621
2025-03-25,test,-11.459225,-9.815414
2025-03-26,test,-9.44107,-10.043521
2025-03-27,test,-9.758394,-9.865983
2025-03-28,test,-9.366909,-9.783158
2025-03-31,test,-8.402792,-9.666255
2025-04-01,test,-9.032966,-9.329409
2025-04-02,test,-8.857693,-9.225151
2025-04-03,test,-9.450981,-9.223841
2025-04-04,test,-8.350256,-9.342007
2025-04-07,test,-5.7587585,-9.225796
2025-04-08,test,-6.3198867,-8.235604
2025-04-09,test,-6.3270545,-7.777727
2025-04-10,test,-6.9761653,-7.669196
2025-04-11,test,-8.110921,-7.713229
2025-04-14,test,-8.747397,-8.254086
2025-04-15,test,-9.61722,-8.63181
2025-04-16,test,-8.006781,-8.967025
2025-04-17,test,-9.346025,-8.737099
2025-04-21,test,-8.322557,-8.8893795
2025-04-22,test,-9.231313,-8.777244
2025-04-23,test,-8.446875,-8.835274
2025-04-24,test,-9.272785,-8.747091
2025-04-25,test,-9.559832,-8.866401
2025-04-28,test,-9.036415,-8.944125
2025-04-29,test,-10.191439,-8.969621
2025-04-30,test,-8.102105,-9.096863
2025-05-01,test,-9.818847,-8.994963
2025-05-02,test,-10.317953,-9.067965
2025-05-05,test,-10.203497,-9.345862
2025-05-06,test,-9.657388,-9.385397
2025-05-07,test,-9.335992,-9.347551
2025-05-08,test,-9.103031,-9.421914
2025-05-09,test,-10.397993,-9.412489
2025-05-12,test,-10.221104,-9.611979
2025-05-13,test,-10.049145,-9.788555
2025-05-14,test,-10.987819,-9.797714
2025-05-15,test,-10.577187,-9.927165
2025-05-16,test,-10.485333,-10.124846
2025-05-19,test,-10.257476,-10.204924
2025-05-20,test,-10.51691,-10.273987
2025-05-21,test,-9.03923,-10.258875
2025-05-22,test,-10.129882,-9.974014
2025-05-23,test,-9.8583975,-9.9445
2025-05-27,test,-10.797983,-10.012521
2025-05-28,test,-10.317165,-10.12577
2025-05-29,test,-9.715346,-10.152739
2025-05-30,test,-9.335073,-10.1067095
2025-06-02,test,-9.627268,-9.886267
2025-06-03,test,-10.497189,-9.896351
2025-06-04,test,-11.788221,-10.05248
2025-06-05,test,-9.666598,-10.470943
2025-06-06,test,-10.9018955,-10.374249
2025-06-09,test,-11.495125,-10.497097
2025-06-10,test,-11.025113,-10.822933
2025-06-11,test,-10.205119,-10.730835
2025-06-12,test,-11.465234,-10.628713
2025-06-13,test,-9.920779,-10.69796
2025-06-16,test,-10.764053,-10.484362
2025-06-17,test,-10.666526,-10.495968
2025-06-18,test,-10.4358,-10.617906
2025-06-20,test,-9.91951,-10.518906
2025-06-23,test,-9.581049,-10.447282
2025-06-24,test,-11.147981,-10.236933
2025-06-25,test,-11.579041,-10.340423
2025-06-26,test,-11.338466,-10.667602
2025-06-27,test,-10.253078,-10.816425
2025-06-30,test,-10.839494,-10.742048
2025-07-01,test,-11.261293,-10.7204
2025-07-02,test,-11.642747,-10.792672
2025-07-03,test,-11.7458315,-10.932053
2025-07-07,test,-10.135267,-11.07355
2025-07-08,test,-11.827904,-10.852858
2025-07-09,test,-11.155524,-10.903428
2025-07-10,test,-10.965322,-10.865668
2025-07-11,test,-11.2661915,-10.786768
2025-07-14,test,-11.2449045,-10.941825
2025-07-15,test,-10.80912,-10.938855
2025-07-16,test,-9.7884035,-10.89197
2025-07-17,test,-11.373736,-10.766244
2025-07-18,test,-11.611993,-10.764409
2025-07-21,test,-11.247105,-10.955678
2025-07-22,test,-11.118655,-11.014114
2025-07-23,test,-11.225543,-10.990419
2025-07-24,test,-12.198852,-11.038482
2025-07-25,test,-12.049522,-11.296662
2025-07-28,test,-11.836346,-11.348789
2025-07-29,test,-11.19357,-11.371832
2025-07-30,test,-10.090998,-11.254114
2025-07-31,test,-9.931476,-10.896783
2025-08-01,test,-9.958851,-10.724718
2025-08-04,test,-11.434719,-10.5039
2025-08-05,test,-10.534268,-10.737844
2025-08-06,test,-10.767542,-10.714029
2025-08-07,test,-9.612344,-10.79916
2025-08-08,test,-11.678015,-10.741467
2025-08-11,test,-10.801066,-10.787755
2025-08-12,test,-10.775747,-10.793789
2025-08-13,test,-11.124787,-10.744554
2025-08-14,test,-11.43272,-10.886673
2025-08-15,test,-11.360918,-11.006102
2025-08-18,test,-12.537492,-11.043685
2025-08-19,test,-10.522168,-11.406168
2025-08-20,test,-9.901054,-11.062629
2025-08-21,test,-10.842399,-10.646347
2025-08-22,test,-10.029377,-10.767151
2025-08-25,test,-11.890715,-10.569167
2025-08-26,test,-11.5300455,-10.825333
2025-08-27,test,-11.896842,-11.0092325
2025-08-28,test,-10.967224,-11.166115
2025-08-29,test,-10.878789,-11.123582
2025-09-02,test,-10.217856,-10.928061
2025-09-03,test,-10.986712,-10.831155
2025-09-04,test,-10.864365,-10.81854
2025-09-05,test,-9.528911,-10.813501
2025-09-08,test,-11.793528,-10.679554
2025-09-09,test,-11.188439,-10.769066
2025-09-10,test,-11.082791,-10.876888
2025-09-11,test,-11.048361,-10.889665
2025-09-12,test,-12.293431,-10.945047
2025-09-15,test,-12.984863,-11.285227
2025-09-16,test,-12.093344,-11.58938
2025-09-17,test,-9.69451,-11.531065
2025-09-18,test,-10.693932,-10.884248
2025-09-19,test,-10.989334,-10.615891
2025-09-22,test,-11.076362,-10.925921
2025-09-23,test,-10.736586,-10.9036875
2025-09-24,test,-10.795863,-10.8677435
2025-09-25,test,-10.46953,-10.892136
2025-09-26,test,-11.072173,-10.833769
2025-09-29,test,-11.319196,-10.849334
2025-09-30,test,-10.851471,-10.959174
2025-10-01,test,-10.601851,-10.928768
2025-10-02,test,-11.144736,-10.892227
2025-10-03,test,-10.714493,-10.941603
2025-10-06,test,-11.439803,-10.859253
2025-10-07,test,-10.622389,-10.96704
2025-10-08,test,-11.741787,-10.903987
2025-10-09,test,-10.803786,-11.047317
2025-10-10,test,-8.535457,-10.91522
2025-10-13,test,-10.983663,-9.769881
2025-10-14,test,-8.710798,-10.078966
2025-10-15,test,-8.884446,-9.962028
2025-10-16,test,-9.035876,-9.260588
2025-10-17,test,-10.092117,-9.282157
2025-10-20,test,-11.090833,-9.73683
2025-10-21,test,-11.514514,-10.349319
2025-10-22,test,-9.603633,-10.634511
2025-10-23,test,-11.004921,-10.526639
2025-10-24,test,-11.504549,-10.604964
2025-10-27,test,-12.296497,-10.853903
2025-10-28,test,-10.985291,-11.171276
2025-10-29,test,-9.98658,-11.034016
2025-10-30,test,-10.541695,-10.738927
2025-10-31,test,-10.335093,-10.648523
2025-11-03,test,-10.318905,-10.538366
2025-11-04,test,-10.4624605,-10.428878
2025-11-05,test,-10.072872,-10.381875
2025-11-06,test,-9.926065,-10.360361
2025-11-07,test,-9.210874,-10.228064
2025-11-10,test,-10.243558,-9.96621
2025-11-11,test,-10.981343,-10.032582
2025-11-12,test,-11.109613,-10.43318
2025-11-13,test,-9.908187,-10.566306
2025-11-14,test,-8.822896,-10.565114
2025-11-17,test,-8.914969,-9.984434
2025-11-18,test,-9.291551,-9.535501
2025-11-19,test,-9.410507,-9.538621
2025-11-20,test,-8.169158,-9.556997
2025-11-21,test,-8.518572,-9.272356
2025-11-24,test,-10.116917,-9.048585
2025-11-25,test,-9.117369,-9.553579
2025-11-26,test,-10.752963,-9.474916
2025-11-28,test,-12.306689,-9.804386
2025-12-01,test,-10.793788,-10.566436
2025-12-02,test,-10.745822,-10.696241
2025-12-03,test,-10.865426,-10.599897
2025-12-04,test,-11.055617,-10.680057
2025-12-05,test,-11.126109,-10.610633
2025-12-08,test,-10.769753,-10.649714
2025-12-09,test,-11.729879,-10.650409
2025-12-10,test,-10.176168,-10.861786
2025-12-11,test,-10.149628,-10.589415
2025-12-12,test,-9.519358,-10.420293
2025-12-15,test,-10.682792,-10.273765
2025-12-16,test,-10.166451,-10.272816
2025-12-17,test,-10.230581,-10.238644
2025-12-18,test,-10.233219,-10.201519
2025-12-19,test,-11.555402,-10.1495695
2025-12-22,test,-12.043691,-10.650044
2025-12-23,test,-11.8309555,-11.046919
2025-12-24,test,-12.202158,-11.147966
2025-12-26,test,-12.061357,-11.352247
2025-12-29,test,-11.47977,-11.387054
2025-12-30,test,-12.438854,-11.294799
2025-12-31,test,-11.41955,-11.480897
